{
	"info": {
		"_postman_id": "ba49a588-1319-49aa-adb0-f2edbacb23b0",
		"name": "WireInterfaceValidator",
		"schema": "https://schema.getpostman.com/json/collection/v2.1.0/collection.json"
	},
	"item": [
		{
			"name": "EnvironmentSetUp",
			"item": [
				{
					"name": "Setting Up Environment",
					"event": [
						{
							"listen": "prerequest",
							"script": {
								"id": "6a1e746e-a742-4b4d-ba2f-962986fd39c4",
								"exec": [
									"console.log(\"==========================================================================================\");",
									"console.log(\"==================== WireInterface_2.0.0-tsp.191122.1925+validator.1 =====================\");",
									"console.log(\"==========================================================================================\");",
									"/*********************************************************************************************************",
									"* ",
									"* RequestCollection for validating WireInterface Objects against definition ",
									"* ",
									"*                   WireInterface_2.0.0-tsp.191122.1925",
									"* ",
									"* as it can be found on https://github.com/openBackhaul/wireInterface/tree/tsp",
									"*",
									"*  ",
									"* This RequestCollection is for perpetual complementation.",
									"* ",
									"* Content of version 1 (05.01.2020):",
									"*  - Check for Completeness",
									"* ",
									"* ",
									"* The \"Setting Up Environment\" Request provides the following environmental variables",
									"* - controller",
									"* - controllerAddress",
									"* - pathToDbAndMountPoint",
									"* - username",
									"* - password",
									"* ",
									"* It also provides the following collection variables",
									"* - noOfDeviceUnderTest",
									"* - noOfLtpUnderTest",
									"* - pacUnderTest",
									"* - moduleUnderTest",
									"* - technologyUnderTest ",
									"* ",
									"*********************************************************************************************************/",
									"",
									"/********************************************",
									"* User Input",
									"********************************************/",
									"const IP_ADDRESS_OF_THE_CONTROLLER = \"172.29.145.220\";",
									"",
									"const RESTCONF_PORT_AT_THE_CONTROLLER = \"8181\";",
									"",
									"const USER_NAME_AT_THE_CONTROLLER = \"admin\";",
									"",
									"const PASSWORD_AT_THE_CONTROLLER = \"admin\";",
									"",
									"const PATH_TO_DB_AND_MOUNT_POINT = \"restconf/operational/network-topology:network-topology/topology/topology-netconf\";",
									"",
									"const NAME_OF_DEVICE_UNDER_TEST = \"NTS-Thorsten\";",
									"",
									"const UUID_OF_LTP_UNDER_TEST = \"6ea314df-a89f-4192-a35f-8f5d212f1163\";",
									"",
									"const LID_OF_LP_UNDER_TEST = \"uuuu2\";",
									"",
									"",
									"/********************************************",
									"* Setting up Collection Variables",
									"********************************************/",
									"// Setting collection variables for identifying the Interface under Test",
									"const NO_OF_DEVICE_UNDER_TEST = 0;",
									"const NO_OF_LTP_UNDER_TEST = 0;",
									"const PAC_UNDER_TEST = \"wire-interface-2-0:wire-interface-pac\";",
									"const MODULE_UNDER_TEST = \"wire-interface-2-0\";",
									"const TECHNOLOGY_UNDER_TEST = \"wire-interface\";",
									"",
									"pm.collectionVariables.set(\"noOfDeviceUnderTest\", NO_OF_DEVICE_UNDER_TEST);",
									"pm.collectionVariables.set(\"noOfLtpUnderTest\", NO_OF_LTP_UNDER_TEST);",
									"pm.collectionVariables.set(\"pacUnderTest\", PAC_UNDER_TEST);",
									"pm.collectionVariables.set(\"moduleUnderTest\", MODULE_UNDER_TEST);",
									"pm.collectionVariables.set(\"technologyUnderTest\", TECHNOLOGY_UNDER_TEST);",
									"",
									"",
									"/********************************************",
									"* Setting up Environmental Variables ",
									"********************************************/",
									"pm.environment.clear();",
									"",
									"controllerAddress = IP_ADDRESS_OF_THE_CONTROLLER + \":\" + RESTCONF_PORT_AT_THE_CONTROLLER + \"/\";",
									"pm.environment.set(\"controllerAddress\", controllerAddress);",
									"pm.environment.set(\"username\", USER_NAME_AT_THE_CONTROLLER);",
									"pm.environment.set(\"password\", PASSWORD_AT_THE_CONTROLLER);",
									"pm.environment.set(\"pathToDbAndMountPoint\", PATH_TO_DB_AND_MOUNT_POINT);",
									"",
									"class Interface {",
									"    constructor(newLtpUuid, newlpLid) {",
									"        this.ltpUuid = newLtpUuid;",
									"        this.lpLid = newlpLid;",
									"    }",
									"}",
									"let interfaceUnderTest = new Interface(UUID_OF_LTP_UNDER_TEST, LID_OF_LP_UNDER_TEST);",
									"",
									"class Node {",
									"    constructor(newNodeId) {",
									"        this.nodeId = newNodeId;",
									"        this.airInterfaceList = [];",
									"        this.ethernetContainerList = [];",
									"        this.hybridMwStructureList = [];",
									"        this.ipInterfaceList = [];",
									"        this.macInterfaceList = [];",
									"        this.pureEthernetStructureList = [];",
									"        this.tdmContainerList = [];",
									"        this.vlanInterfaceList = [];",
									"        this.wireInterfaceList = [];",
									"    }",
									"}",
									"let nodeUnderTest = new Node(NAME_OF_DEVICE_UNDER_TEST);",
									"switch (TECHNOLOGY_UNDER_TEST) {",
									"    case \"air-interface\":",
									"        nodeUnderTest.airInterfaceList.push(interfaceUnderTest);",
									"        break;",
									"    case \"ethernet-container\":",
									"        nodeUnderTest.ethernetContainerList.push(interfaceUnderTest);",
									"        break;",
									"    case \"hybrid-mw-structure\":",
									"        nodeUnderTest.hybridMwStructureList.push(interfaceUnderTest);",
									"        break;",
									"    case \"ip-interface\":",
									"        nodeUnderTest.ipInterfaceList.push(interfaceUnderTest);",
									"        break;",
									"    case \"mac-interface\":",
									"        nodeUnderTest.macInterfaceList.push(interfaceUnderTest);",
									"        break;",
									"    case \"pure-ethernet-structure\":",
									"        nodeUnderTest.pureEthernetStructureList.push(interfaceUnderTest);",
									"        break;",
									"    case \"tdm-container\":",
									"        nodeUnderTest.tdmContainerList.push(interfaceUnderTest);",
									"        break;",
									"    case \"vlan-interface\":",
									"        nodeUnderTest.vlanInterfaceList.push(interfaceUnderTest);",
									"        break;",
									"    case \"wire-interface\":",
									"        nodeUnderTest.wireInterfaceList.push(interfaceUnderTest);",
									"        break;",
									"}",
									"",
									"class Controller {",
									"    constructor () {",
									"        this.nodeList = [];",
									"    }",
									"}",
									"let controller = new Controller();",
									"controller.nodeList.push(nodeUnderTest);",
									"",
									"pm.environment.set(\"controller\", controller);",
									"",
									"",
									"/********************************************",
									"* Setting up Local Variables",
									"********************************************/",
									"pm.variables.set(\"classUnderTest\", \"pac\");",
									"",
									"",
									"/********************************************",
									"* Setting up Request Variables",
									"********************************************/",
									"// Preparing the Request",
									"let noOfDeviceUnderTest = pm.collectionVariables.get(\"noOfDeviceUnderTest\");",
									"let controllerUnderTest = pm.environment.get(\"controllerAddress\");",
									"let dbAndMountPointUnderTest = pm.environment.get(\"pathToDbAndMountPoint\");",
									"let idOfDeviceUnderTest = pm.environment.get(\"controller\").nodeList[noOfDeviceUnderTest].nodeId;",
									"let networkElementUnderTest = \"/node/\" + idOfDeviceUnderTest + \"/yang-ext:mount\";",
									"let technologyUnderTest = pm.collectionVariables.get(\"technologyUnderTest\");",
									"let noOfLtpUnderTest = pm.collectionVariables.get(\"noOfLtpUnderTest\");",
									"let nodeIds = pm.environment.get(\"controller\").nodeList[noOfDeviceUnderTest];",
									"let idPair;",
									"switch (technologyUnderTest) {",
									"    case \"air-interface\":",
									"        idPair = nodeIds.airInterfaceList[noOfLtpUnderTest];",
									"        break;",
									"    case \"ethernet-container\":",
									"        idPair = nodeIds.ethernetContainerList[noOfLtpUnderTest];",
									"        break;",
									"    case \"hybrid-mw-structure\":",
									"        idPair = nodeIds.hybridMwStructureList[noOfLtpUnderTest];",
									"        break;",
									"    case \"ip-interface\":",
									"        idPair = nodeIds.ipInterfaceList[noOfLtpUnderTest];",
									"        break;",
									"    case \"mac-interface\":",
									"        idPair = nodeIds.macInterfaceList[noOfLtpUnderTest];",
									"        break;",
									"    case \"pure-ethernet-structure\":",
									"        idPair = nodeIds.pureEthernetStructureList[noOfLtpUnderTest];",
									"        break;",
									"    case \"tdm-container\":",
									"        idPair = nodeIds.tdmContainerList[noOfLtpUnderTest];",
									"        break;",
									"    case \"vlan-interface\":",
									"        idPair = nodeIds.vlanInterfaceList[noOfLtpUnderTest];",
									"        break;",
									"    case \"wire-interface\":",
									"        idPair = nodeIds.wireInterfaceList[noOfLtpUnderTest];",
									"        break;",
									"}",
									"let ltpUuidOfObjectUnderTest = idPair.ltpUuid;",
									"let lpLidOfObjectUnderTest = idPair.lpLid;",
									"let pacUnderTest = pm.collectionVariables.get(\"pacUnderTest\");",
									"let objectUnderTest = \"/core-model-1-4:control-construct/logical-termination-point/\" ",
									"                            + ltpUuidOfObjectUnderTest",
									"                            + \"/layer-protocol/\" ",
									"                            + lpLidOfObjectUnderTest",
									"                            + \"/\"",
									"                            + pacUnderTest;",
									"",
									"// Formulating the Request",
									"pm.variables.set(\"controllerUnderTest\", controllerUnderTest);",
									"pm.variables.set(\"dB\", dbAndMountPointUnderTest);",
									"pm.variables.set(\"networkElement\", networkElementUnderTest);",
									"pm.variables.set(\"object\", objectUnderTest);",
									"",
									"pm.variables.set(\"username\", pm.environment.get(\"username\"));",
									"pm.variables.set(\"password\", pm.environment.get(\"password\"));",
									"",
									"pm.request.headers.upsert({key:\"Accept\", value:\"application/json\"});",
									"pm.request.headers.upsert({key:\"Content-Type\", value:\"application/json\"});",
									""
								],
								"type": "text/javascript"
							}
						},
						{
							"listen": "test",
							"script": {
								"id": "ec562c48-5724-43dd-9827-6b93725cf290",
								"exec": [
									"/*********************",
									" * Indicating Results *",
									" *********************/",
									"let controller = pm.environment.get(\"controller\");",
									"let nameOfTheDeviceUnderTest = controller.nodeList[0].nodeId;",
									"let moduleUnderTest = pm.collectionVariables.get(\"moduleUnderTest\");",
									"let technologyUnderTest = pm.collectionVariables.get(\"technologyUnderTest\");",
									"let classUnderTest = pm.variables.get(\"classUnderTest\");",
									"let objectUnderTest = technologyUnderTest + \"-\" + classUnderTest;",
									"",
									"if (pm.response.code == 200) {",
									"    var objectInclHeadline = pm.response.json();",
									"    var object = objectInclHeadline[moduleUnderTest + \":\" + technologyUnderTest + \"-\" + classUnderTest];",
									"    console.log(objectUnderTest + \" at \" + nameOfTheDeviceUnderTest + \" could be retrieved:\");",
									"    console.log(object);",
									"",
									"} else {",
									"    console.log(\" ERROR: \" + objectUnderTest + \" at \" + nameOfTheDeviceUnderTest ",
									"                    + \" could not be retrieved. Response Code: \" + pm.response.code);",
									"}",
									"",
									"pm.test(objectUnderTest + \" at \" + nameOfTheDeviceUnderTest + \" could be retrieved\", function() {",
									"    pm.response.to.have.status(200);",
									"});",
									"",
									"",
									"/******************************",
									" * Cleaning Up and Terminating *",
									" ******************************/",
									"pm.variables.clear();"
								],
								"type": "text/javascript"
							}
						}
					],
					"request": {
						"auth": {
							"type": "basic",
							"basic": [
								{
									"key": "password",
									"value": "{{password}}",
									"type": "string"
								},
								{
									"key": "username",
									"value": "{{username}}",
									"type": "string"
								}
							]
						},
						"method": "GET",
						"header": [],
						"url": {
							"raw": "http://{{controllerAddress}}{{dB}}{{networkElement}}{{object}}",
							"protocol": "http",
							"host": [
								"{{controllerAddress}}{{dB}}{{networkElement}}{{object}}"
							]
						}
					},
					"response": []
				}
			],
			"protocolProfileBehavior": {}
		},
		{
			"name": "Completeness",
			"item": [
				{
					"name": "CapabilityCompleteness",
					"event": [
						{
							"listen": "prerequest",
							"script": {
								"id": "6a1e746e-a742-4b4d-ba2f-962986fd39c4",
								"exec": [
									"/*******************************************************************************",
									"* ",
									"* Request for validating WireInterface Capability Objects against definition ",
									"* ",
									"*                   WireInterface_2.0.0-tsp.191122.1925",
									"* ",
									"* as it can be found on https://github.com/openBackhaul/wireInterface/tree/tsp",
									"* ",
									"* It checks for ",
									"*  - reachability of *_Pac class and Capability class",
									"*  - availability of all attributes",
									"*  - correct datatypes",
									"*  - correct enumeration values",
									"*  - no additional, vendor specific amendments",
									"* ",
									"* It requires the following environmental variables",
									"*  - controller",
									"*  - controllerAddress",
									"*  - pathToDbAndMountPoint",
									"*  - username",
									"*  - password",
									"* ",
									"* It requires the following collection variables",
									"*  - pacUnderTest",
									"*  - moduleUnderTest",
									"*  - technologyUnderTest",
									"* ",
									"*******************************************************************************/",
									"",
									"console.log(\"--------------------Checking WireInterfaceCapability for Completeness----------------------\");",
									"",
									"/********************************************",
									"* Setting up Local Variables",
									"********************************************/",
									"// Defining the Class Under Test",
									"const CLASS_UNDER_TEST = \"capability\";",
									"pm.variables.set(\"classUnderTest\", CLASS_UNDER_TEST);",
									"",
									"// WireInterfaceCapability Reference Schema",
									"let WIRE_INTERFACE_CAPABILITY_SCHEMA = {\t",
									"\t\"type\": \"object\", ",
									"\t\"properties\": {",
									"\t\t\"auto-pmd-negotiation-is-avail\": \t\t\t\t\t{ \"type\": \"boolean\" }, \t",
									"\t\t\"supported-pmd-kind-list\": {",
									"    \t\t\"type\": \"array\",",
									"    \t\t\"items\": { ",
									"    \t\t\t\"type\": \"object\",",
									"    \t\t\t\"properties\": {",
									"    \t\t\t\t\"pmd-name\":  \t\t\t\t\t\t\t\t{ \"type\": \"string\" },",
									"    \t\t\t\t\"speed\":       \t\t\t\t\t\t  \t\t{ \"type\": \"string\" },",
									"    \t\t\t\t\"duplex\": { \"enum\": [",
									"    \t\t\t\t\t\t\t \"wire-interface-2-0:DUPLEX_TYPE_HALF_DUPLEX\",",
									"    \t\t\t\t\t\t \t \"wire-interface-2-0:DUPLEX_TYPE_FULL_DUPLEX\",",
									"    \t\t\t\t\t\t \t \"wire-interface-2-0:DUPLEX_TYPE_NOT_YET_DEFINED\"             ",
									"    \t\t\t\t\t\t    ]",
									"    \t\t\t\t}",
									"    \t\t\t},\t\t  ",
									"    \t\t\t\"required\": [ \"pmd-name\", ",
									"    \t\t\t\t\t\t\t\"speed\",",
									"    \t\t\t\t\t\t\t\"duplex\"",
									"    \t\t\t]",
									"    \t\t}",
									"\t\t},\t\t",
									"\t\t\"auto-negotiation-pmd-selection-is-avail\": \t\t\t{ \"type\": \"boolean\" }, \t\t",
									"\t\t\"supported-signal-ordering-kind-list\": { ",
									"\t\t    \"type\": \"array\",",
									"\t\t\t\"items\": { \"enum\": [\t\t\t",
									"\t\t\t\t\t\t\"wire-interface-2-0:SIGNAL_ORDERING_KIND_TYPE_MDI\", ",
									"\t\t\t\t\t\t\"wire-interface-2-0:SIGNAL_ORDERING_KIND_TYPE_MDI_X\", ",
									"\t\t\t\t\t\t\"wire-interface-2-0:SIGNAL_ORDERING_KIND_TYPE_NOT_YET_DEFINED\"",
									"\t\t\t\t\t   ]",
									"\t\t\t}\t",
									"\t\t},\t\t\t",
									"\t\t\"auto-signal-ordering-is-avail\": \t\t\t\t\t{ \"type\": \"boolean\" }, ",
									"\t\t\"configuration-of-rx-sync-preference-is-avail\": \t{ \"type\": \"boolean\" }, ",
									"\t\t\"mii-kind\":\t{ \"enum\": [ \t\t\t",
									"\t\t\t\t\t\t\"wire-interface-2-0:MII_KIND_TYPE_GBIC\", ",
									"\t\t\t\t\t\t\"wire-interface-2-0:MII_KIND_TYPE_SOLDERED_CONNECTOR\", ",
									"\t\t\t\t\t\t\"wire-interface-2-0:MII_KIND_TYPE_SFP_SFP_PLUS_SFP28\", ",
									"\t\t\t\t\t\t\"wire-interface-2-0:MII_KIND_TYPE_XBI_300_PIN\", ",
									"\t\t\t\t\t\t\"wire-interface-2-0:MII_KIND_TYPE_XENPAK\", ",
									"\t\t\t\t\t\t\"wire-interface-2-0:MII_KIND_TYPE_XFP\", \t\t\t\t\t\t\t\t\t\t\t\t\t\t\t\t\t",
									"\t\t\t\t\t\t\"wire-interface-2-0:MII_KIND_TYPE_XFP_E\", ",
									"\t\t\t\t\t\t\"wire-interface-2-0:MII_KIND_TYPE_XPAK\", ",
									"\t\t\t\t\t\t\"wire-interface-2-0:MII_KIND_TYPE_X2\", ",
									"\t\t\t\t\t\t\"wire-interface-2-0:MII_KIND_TYPE_DWDM_SFP_SFP_PLUS\", ",
									"\t\t\t\t\t\t\"wire-interface-2-0:MII_KIND_TYPE_QSFP\", ",
									"\t\t\t\t\t\t\"wire-interface-2-0:MII_KIND_TYPE_QSFP_PLUS\", \t\t\t\t\t\t\t\t\t\t\t\t\t\t\t",
									"\t\t\t\t\t\t\"wire-interface-2-0:MII_KIND_TYPE_CXP\", \t",
									"\t\t\t\t\t\t\"wire-interface-2-0:MII_KIND_TYPE_SHIELDED_MINI_MULTILANE_HD_4X\", ",
									"\t\t\t\t\t\t\"wire-interface-2-0:MII_KIND_TYPE_SHIELDED_MINI_MULTILANE_HD_8X\", ",
									"\t\t\t\t\t\t\"wire-interface-2-0:MII_KIND_TYPE_QSFP28\", ",
									"\t\t\t\t\t\t\"wire-interface-2-0:MII_KIND_TYPE_CXP2\", ",
									"\t\t\t\t\t\t\"wire-interface-2-0:MII_KIND_TYPE_CDFP_STYLE1_STYLE2\", ",
									"\t\t\t\t\t\t\"wire-interface-2-0:MII_KIND_TYPE_SHIELDED_MINI_MULTILANE_HD_4X_FAN_OUT\", \t\t\t\t\t\t\t\t\t\t\t\t\t\t\t\t\t",
									"\t\t\t\t\t\t\"wire-interface-2-0:MII_KIND_TYPE_SHIELDED_MINI_MULTILANE_HD_8X_FAN_OUT\", ",
									"\t\t\t\t\t\t\"wire-interface-2-0:MII_KIND_TYPE_CDFP_STYLE3\", ",
									"\t\t\t\t\t\t\"wire-interface-2-0:MII_KIND_TYPE_QSFP_MICRO\", ",
									"\t\t\t\t\t\t\"wire-interface-2-0:MII_KIND_TYPE_QSFP_DD\", ",
									"\t\t\t\t\t\t\"wire-interface-2-0:MII_KIND_TYPE_QSFP_PLUS_RATE_SELECT_V1\", ",
									"\t\t\t\t\t\t\"wire-interface-2-0:MII_KIND_TYPE_QSFP_PLUS_RATE_SELECT_V2\", \t\t",
									"\t\t\t\t\t\t\"wire-interface-2-0:MII_KIND_TYPE_NOT_YET_DEFINED\" \t\t\t\t\t\t\t\t\t\t\t\t\t\t\t\t\t",
									"\t\t\t\t\t  ]",
									"\t\t},\t\t\t\t\t\t\t\t\t\t\t\t",
									"\t\t\"mdi-kind\": { \"enum\": [ \t\t\t",
									"\t\t\t\t\t\t\"wire-interface-2-0:MDI_KIND_TYPE_SC\", ",
									"\t\t\t\t\t\t\"wire-interface-2-0:MDI_KIND_TYPE_FIBRE_CHANNEL_STYLE_1\", ",
									"\t\t\t\t\t\t\"wire-interface-2-0:MDI_KIND_TYPE_FIBRE_CHANNEL_STYLE_2\", ",
									"\t\t\t\t\t\t\"wire-interface-2-0:MDI_KIND_TYPE_BNC_TNC\", ",
									"\t\t\t\t\t\t\"wire-interface-2-0:MDI_KIND_TYPE_FC\", ",
									"\t\t\t\t\t\t\"wire-interface-2-0:MDI_KIND_TYPE_FIBER_JACK\", ",
									"\t\t\t\t\t\t\"wire-interface-2-0:MDI_KIND_TYPE_LC\", ",
									"\t\t\t\t\t\t\"wire-interface-2-0:MDI_KIND_TYPE_MT_RJ\", ",
									"\t\t\t\t\t\t\"wire-interface-2-0:MDI_KIND_TYPE_MU\", ",
									"\t\t\t\t\t\t\"wire-interface-2-0:MDI_KIND_TYPE_SG\", ",
									"\t\t\t\t\t\t\"wire-interface-2-0:MDI_KIND_TYPE_OPTICAL_PIGTAIL\", ",
									"\t\t\t\t\t\t\"wire-interface-2-0:MDI_KIND_TYPE_MPO1x12\", ",
									"\t\t\t\t\t\t\"wire-interface-2-0:MDI_KIND_TYPE_MPO2x16\", ",
									"\t\t\t\t\t\t\"wire-interface-2-0:MDI_KIND_TYPE_HSSDC_II\",  ",
									"\t\t\t\t\t\t\"wire-interface-2-0:MDI_KIND_TYPE_COPPER_PIGTAIL\", ",
									"\t\t\t\t\t\t\"wire-interface-2-0:MDI_KIND_TYPE_RJ45\", ",
									"\t\t\t\t\t\t\"wire-interface-2-0:MDI_KIND_TYPE_NO_SEPERABLE_CONNECTOR\", ",
									"\t\t\t\t\t\t\"wire-interface-2-0:MDI_KIND_TYPE_MXC2x16\", ",
									"\t\t\t\t\t\t\"wire-interface-2-0:MDI_KIND_TYPE_ST\", ",
									"\t\t\t\t\t\t\"wire-interface-2-0:MDI_KIND_TYPE_NOT_YET_DEFINED\" \t\t\t\t\t\t\t\t\t\t\t\t\t\t",
									"\t\t\t\t\t  ]",
									"\t\t},\t\t\t\t\t\t\t\t\t\t\t\t ",
									"\t\t\"required-medium-kind\": { \"enum\": [ \t\t\t",
									"\t\t\t\t\t\t\t\t\t\"wire-interface-2-0:MEDIUM_KIND_TYPE_TP_CAT3\", ",
									"\t\t\t\t\t\t\t\t\t\"wire-interface-2-0:MEDIUM_KIND_TYPE_TP_CAT5\", ",
									"\t\t\t\t\t\t\t\t\t\"wire-interface-2-0:MEDIUM_KIND_TYPE_TP_CAT6\", ",
									"\t\t\t\t\t\t\t\t\t\"wire-interface-2-0:MEDIUM_KIND_TYPE_TP_CAT8\", ",
									"\t\t\t\t\t\t\t\t\t\"wire-interface-2-0:MEDIUM_KIND_TYPE_SINGLE_MODE\", ",
									"\t\t\t\t\t\t\t\t\t\"wire-interface-2-0:MEDIUM_KIND_TYPE_MULTI_MODE\", ",
									"\t\t\t\t\t\t\t\t\t\"wire-interface-2-0:MEDIUM_KIND_TYPE_NOT_YET_DEFINED\"\t\t\t\t\t\t\t\t\t\t\t\t\t\t\t\t\t\t",
									"\t\t\t\t\t\t\t\t  ]",
									"\t\t},\t\t\t\t\t\t\t\t\t\t\t\t ",
									"\t\t\"wavelength-min\": {\t",
									"\t\t\t\"type\": \"array\",",
									"\t\t\t\"items\": \t\t\t\t\t\t\t\t\t\t{ \"type\": \"number\" }",
									"\t\t},",
									"\t\t\"wavelength-max\":{\t",
									"\t\t\t\"type\": \"array\",",
									"\t\t\t\"items\": \t\t\t\t\t\t\t\t\t\t{ \"type\": \"number\" }",
									"\t\t},",
									"\t\t\"wavelength-grid-min\": \t\t\t\t\t\t\t\t{ \"type\": \"number\" }, ",
									"\t\t\"short-reach-mode-is-avail\": \t\t\t\t\t\t{ \"type\": \"boolean\" }, ",
									"\t\t\"eee-is-avail\": \t\t\t\t\t\t\t\t\t{ \"type\": \"boolean\" }, ",
									"\t\t\"unidirectional-operation-is-avail\": \t\t\t\t{ \"type\": \"boolean\" }, \t\t\t",
									"\t\t\"rxlevel-low-threshold\": \t\t\t\t\t\t\t{ \"type\": \"number\" },\t\t\t",
									"\t\t\"rxlevel-high-threshold\": \t\t\t\t\t\t\t{ \"type\": \"number\" }, ",
									"\t\t\"temperature-low-threshold\": \t\t\t\t\t\t{ \"type\": \"number\" }, ",
									"\t\t\"temperature-high-threshold\": \t\t\t\t\t\t{ \"type\": \"number\" }, ",
									"\t\t\"configuration-of-number-of-bip-errors-per-ses-is-avail\": { \"type\": \"boolean\" }, \t   ",
									"\t\t\"admin-shut-down-is-avail\": \t\t\t\t\t\t{ \"type\": \"boolean\" }, \t   ",
									"\t\t\"isolation-is-avail\": \t\t\t\t\t\t\t\t{ \"type\": \"boolean\" }, \t   ",
									"\t\t\"supported-loop-back-kind-list\": {  ",
									"\t\t\t\"type\": \"array\",",
									"\t\t\t\"items\": { \"enum\": [\t\t\t\t\t\t",
									"\t\t\t\t\t\t\t\"wire-interface-2-0:LOOP_BACK_TYPE_NONE\", ",
									"\t\t\t\t\t\t\t\"wire-interface-2-0:LOOP_BACK_TYPE_EXTERNAL\", ",
									"\t\t\t\t\t\t\t\"wire-interface-2-0:LOOP_BACK_TYPE_INTERNAL\", ",
									"\t\t\t\t\t\t\t\"wire-interface-2-0:LOOP_BACK_TYPE_NOT_YET_DEFINED\"\t\t\t\t\t\t\t\t\t\t\t\t\t\t\t\t\t",
									"\t\t\t\t\t   ]",
									"\t\t\t}",
									"\t\t},\t\t\t",
									"\t\t\"maintenance-timer-range\": \t\t\t\t\t\t\t{ \"type\": \"string\" }, ",
									"\t\t\"supported-alarm-list\": {",
									"            \"type\": \"array\",",
									"            \"item\":                                    \t\t{ \"type\": \"string\" }",
									"\t\t},",
									"\t\t\"performance-monitoring-is-avail\": \t\t\t\t\t{ \"type\": \"boolean\" } \t",
									"\t},",
									"\t\"required\": [ \"auto-pmd-negotiation-is-avail\", ",
									"    \t\t\t\t  \"supported-pmd-kind-list\",",
									"    \t\t\t\t  \"auto-negotiation-pmd-selection-is-avail\",",
									"    \t\t\t\t  \"supported-signal-ordering-kind-list\",\t\t",
									"    \t\t\t\t  \"auto-signal-ordering-is-avail\",\t",
									"    \t\t\t\t  \"configuration-of-rx-sync-preference-is-avail\",\t\t\t",
									"    \t\t\t\t  \"mii-kind\",\t\t\t",
									"    \t\t\t\t  \"mdi-kind\",\t\t",
									"    \t\t\t\t  \"required-medium-kind\",\t\t\t",
									"    \t\t\t\t  \"wavelength-min\",\t\t\t",
									"    \t\t\t\t  \"wavelength-max\",",
									"    \t\t\t\t  \"wavelength-grid-min\",",
									"    \t\t\t\t  \"short-reach-mode-is-avail\",",
									"    \t\t\t\t  \"eee-is-avail\",",
									"    \t\t\t\t  \"unidirectional-operation-is-avail\",",
									"    \t\t\t\t  \"rxlevel-low-threshold\",",
									"    \t\t\t\t  \"rxlevel-high-threshold\",",
									"    \t\t\t\t  \"temperature-low-threshold\",",
									"    \t\t\t\t  \"temperature-high-threshold\",",
									"    \t\t\t\t  \"configuration-of-number-of-bip-errors-per-ses-is-avail\",",
									"    \t\t\t\t  \"admin-shut-down-is-avail\",",
									"    \t\t\t\t  \"isolation-is-avail\",",
									"    \t\t\t\t  \"supported-loop-back-kind-list\",",
									"    \t\t\t\t  \"maintenance-timer-range\",\t\t\t",
									"    \t\t\t\t  \"supported-alarm-list\",",
									"    \t\t\t\t  \"performance-monitoring-is-avail\"\t\t\t\t\t\t\t\t\t\t\t\t\t\t  ",
									"\t\t\t\t  ]",
									"};",
									"pm.variables.set(\"schema\", WIRE_INTERFACE_CAPABILITY_SCHEMA);",
									"",
									"// generic for all TechnologyValidators ---> ?",
									"// generic for all Classes --->",
									"",
									"// Definition of Setting up the Request Variables as a function",
									"const SETTING_THE_REQUEST_VARIABLES = () => {",
									"    /********************************************",
									"    * Setting the Request Variables",
									"    ********************************************/",
									"    // Preparing the Request",
									"    let noOfDeviceUnderTest = pm.collectionVariables.get(\"noOfDeviceUnderTest\");",
									"    let controllerUnderTest = pm.environment.get(\"controllerAddress\");",
									"    let dbAndMountPointUnderTest = pm.environment.get(\"pathToDbAndMountPoint\");",
									"    let idOfDeviceUnderTest = pm.environment.get(\"controller\").nodeList[noOfDeviceUnderTest].nodeId;",
									"    let networkElementUnderTest = \"/node/\" + idOfDeviceUnderTest + \"/yang-ext:mount\";",
									"    let technologyUnderTest = pm.collectionVariables.get(\"technologyUnderTest\");",
									"    let noOfLtpUnderTest = pm.collectionVariables.get(\"noOfLtpUnderTest\");",
									"    let nodeIds = pm.environment.get(\"controller\").nodeList[noOfDeviceUnderTest];",
									"    let idPair;",
									"    switch (technologyUnderTest) {",
									"        case \"air-interface\":",
									"            idPair = nodeIds.airInterfaceList[noOfLtpUnderTest];",
									"            break;",
									"        case \"ethernet-container\":",
									"            idPair = nodeIds.ethernetContainerList[noOfLtpUnderTest];",
									"            break;",
									"        case \"hybrid-mw-structure\":",
									"            idPair = nodeIds.hybridMwStructureList[noOfLtpUnderTest];",
									"            break;",
									"        case \"ip-interface\":",
									"            idPair = nodeIds.ipInterfaceList[noOfLtpUnderTest];",
									"            break;",
									"        case \"mac-interface\":",
									"            idPair = nodeIds.macInterfaceList[noOfLtpUnderTest];",
									"            break;",
									"        case \"pure-ethernet-structure\":",
									"            idPair = nodeIds.pureEthernetStructureList[noOfLtpUnderTest];",
									"            break;",
									"        case \"tdm-container\":",
									"            idPair = nodeIds.tdmContainerList[noOfLtpUnderTest];",
									"            break;",
									"        case \"vlan-interface\":",
									"            idPair = nodeIds.vlanInterfaceList[noOfLtpUnderTest];",
									"            break;",
									"        case \"wire-interface\":",
									"            idPair = nodeIds.wireInterfaceList[noOfLtpUnderTest];",
									"            break;",
									"    }",
									"    let ltpUuidOfObjectUnderTest = idPair.ltpUuid;",
									"    let lpLidOfObjectUnderTest = idPair.lpLid;let pacUnderTest = pm.collectionVariables.get(\"pacUnderTest\");",
									"    let moduleUnderTest = pm.collectionVariables.get(\"moduleUnderTest\");",
									"    let classUnderTest = pm.variables.get(\"classUnderTest\");",
									"    let objectUnderTest = \"/core-model-1-4:control-construct/logical-termination-point/\" ",
									"                                + ltpUuidOfObjectUnderTest",
									"                                + \"/layer-protocol/\" ",
									"                                + lpLidOfObjectUnderTest",
									"                                + \"/\"",
									"                                + pacUnderTest",
									"                                + \"/\"",
									"                                + technologyUnderTest",
									"                                + \"-\"",
									"                                + classUnderTest;",
									"    ",
									"    ",
									"    // Formulating the Request",
									"    pm.variables.set(\"controllerUnderTest\", controllerUnderTest);",
									"    pm.variables.set(\"dB\", dbAndMountPointUnderTest);",
									"    pm.variables.set(\"networkElement\", networkElementUnderTest);",
									"    pm.variables.set(\"object\", objectUnderTest);",
									"    ",
									"    pm.variables.set(\"username\", pm.environment.get(\"username\"));",
									"    pm.variables.set(\"password\", pm.environment.get(\"password\"));",
									"    ",
									"    pm.request.headers.upsert({key:\"Accept\", value:\"application/json\"});",
									"    pm.request.headers.upsert({key:\"Content-Type\", value:\"application/json\"});",
									"};",
									"",
									"",
									"/********************************************",
									"* Setting up Collection Variables",
									"********************************************/",
									"// Setting the Tests Script as a Collection va",
									"pm.collectionVariables.set( \"settingTheRequestVariables\", SETTING_THE_REQUEST_VARIABLES.toString() );",
									"",
									"",
									"/********************************************",
									"* Formulating the Request",
									"********************************************/",
									"// Execution of the Pre-Request Script defined in CapabilityCompleteness",
									"eval(pm.collectionVariables.get(\"settingTheRequestVariables\"))();"
								],
								"type": "text/javascript"
							}
						},
						{
							"listen": "test",
							"script": {
								"id": "ec562c48-5724-43dd-9827-6b93725cf290",
								"exec": [
									"// generic for all TechnologyValidators ---> ?",
									"// generic for all Classes --->",
									"// module of NetworkValidator --->",
									"",
									"/********************************************",
									"* Setting up Local Variables",
									"********************************************/",
									"// Definition of the Tests Script as a function",
									"const TESTS_SCRIPT_FOR_ALL_CLASSES = () => {",
									"    /*********************",
									"    * Indicating Results *",
									"    *********************/",
									"    let controller = pm.environment.get(\"controller\");",
									"    let noOfDeviceUnderTest = pm.collectionVariables.get(\"noOfDeviceUnderTest\");",
									"    let nameOfTheDeviceUnderTest = controller.nodeList[noOfDeviceUnderTest].nodeId;",
									"    let moduleUnderTest = pm.collectionVariables.get(\"moduleUnderTest\");",
									"    let technologyUnderTest = pm.collectionVariables.get(\"technologyUnderTest\");",
									"    let classUnderTest = pm.variables.get(\"classUnderTest\");",
									"    let objectUnderTest = technologyUnderTest + \"-\" + classUnderTest;",
									"    ",
									"    if (pm.response.code == 200) {",
									"        var objectInclHeadline = pm.response.json();",
									"        var object = objectInclHeadline[moduleUnderTest + \":\" + technologyUnderTest + \"-\" + classUnderTest];",
									"        console.log(objectUnderTest + \" at \" + nameOfTheDeviceUnderTest + \" could be retrieved:\");",
									"        console.log(object);                                        ",
									"    ",
									"        var reference = pm.variables.get(\"schema\");",
									"        console.log(objectUnderTest + \" Reference:\");               ",
									"        console.log(reference);                                     ",
									"        ",
									"        console.log(objectUnderTest + \" at \" + nameOfTheDeviceUnderTest + \" Validation Result: \");",
									"        console.log(tv4.validateMultiple(object, reference, true, true));",
									"    } else {",
									"        console.log(\" ERROR: \" + objectUnderTest + \" at \" + nameOfTheDeviceUnderTest ",
									"                        + \" could not be retrieved. Response Code: \" + pm.response.code);",
									"    }",
									"    ",
									"    pm.test(objectUnderTest + \" at \" + nameOfTheDeviceUnderTest + \" could be retrieved\", function () {",
									"        pm.response.to.have.status(200);",
									"    });",
									"    pm.test(objectUnderTest + \" at \" + nameOfTheDeviceUnderTest + \" is compliant to specification\", function() {",
									"      pm.expect(tv4.validate(object, reference)).to.be.true;",
									"    });",
									"    ",
									"    /******************************",
									"    * Cleaning Up and Terminating *",
									"    ******************************/",
									"    pm.variables.clear();",
									"};",
									"",
									"",
									"/********************************************",
									"* Setting up Collection Variables",
									"********************************************/",
									"// Setting the Tests Script as a Collection va",
									"pm.collectionVariables.set( \"testsScriptForAllClasses\", TESTS_SCRIPT_FOR_ALL_CLASSES.toString() );",
									"",
									"",
									"/********************************************",
									"* Testing",
									"********************************************/",
									"// Execution of the Tests Script defined in CapabilityCompleteness",
									"eval(pm.collectionVariables.get(\"testsScriptForAllClasses\"))();"
								],
								"type": "text/javascript"
							}
						}
					],
					"request": {
						"auth": {
							"type": "basic",
							"basic": [
								{
									"key": "password",
									"value": "{{password}}",
									"type": "string"
								},
								{
									"key": "username",
									"value": "{{username}}",
									"type": "string"
								}
							]
						},
						"method": "GET",
						"header": [],
						"url": {
							"raw": "http://{{controllerAddress}}{{dB}}{{networkElement}}{{object}}",
							"protocol": "http",
							"host": [
								"{{controllerAddress}}{{dB}}{{networkElement}}{{object}}"
							]
						}
					},
					"response": []
				},
				{
					"name": "ConfigurationCompleteness",
					"event": [
						{
							"listen": "prerequest",
							"script": {
								"id": "6a1e746e-a742-4b4d-ba2f-962986fd39c4",
								"exec": [
									"/*******************************************************************************",
									"* ",
									"* Request for validating WireInterface Configuration Objects against definition ",
									"* ",
									"*                   WireInterface_2.0.0-tsp.191122.1925",
									"* ",
									"* as it can be found on https://github.com/openBackhaul/wireInterface/tree/tsp",
									"* ",
									"* It checks for ",
									"*  - reachability of *_Pac class and Capability class",
									"*  - availability of all attributes",
									"*  - correct datatypes",
									"*  - correct enumeration values",
									"*  - no additional, vendor specific amendments",
									"* ",
									"* It requires the following environmental variables",
									"*  - controller",
									"*  - controllerAddress",
									"*  - pathToDbAndMountPoint",
									"*  - username",
									"*  - password",
									"* ",
									"* It requires the following collection variables",
									"*  - pacUnderTest",
									"*  - moduleUnderTest",
									"*  - technologyUnderTest",
									"* ",
									"*******************************************************************************/",
									"",
									"console.log(\"-------------------Checking WireInterfaceConfiguration for Completeness--------------------\");",
									"",
									"/********************************************",
									"* Setting up Local Variables",
									"********************************************/",
									"// Defining the Class Under Test",
									"const CLASS_UNDER_TEST = \"configuration\";",
									"pm.variables.set(\"classUnderTest\", CLASS_UNDER_TEST);",
									"",
									"// WireInterfaceConfiguration Reference Schema",
									"let WIRE_INTERFACE_CONFIGURATION_SCHEMA = {\t",
									"\t\"type\": \"object\",",
									"\t\"properties\": {",
									"\t\t\"interface-name\": \t\t\t\t{ \"type\": \"string\" },",
									"\t\t\"interface-is-on\": \t\t\t\t{ \"type\": \"boolean\" },",
									"\t\t\"remote-wire-interface-name\": \t{ \"type\": \"string\" }, ",
									"\t    \"transceiver-is-on-list\": {",
									"\t\t\t\"type\": \"array\",",
									"\t\t\t\"items\":                    { \"type\": \"boolean\"\t}",
									"\t\t}, \t   ",
									"\t\t\"auto-pmd-negotiation-is-on\": \t{ \"type\": \"boolean\" },",
									"\t\t\"fixed-pmd-kind\": \t\t\t\t{ \"type\": \"string\" },",
									"\t\t\"auto-negotiation-pmd-list\": {",
									"\t\t\t\"type\": \"array\",",
									"\t\t\t\"items\":                    { \"type\": \"string\" }",
									"\t\t},\t\t\t",
									"\t\t\"auto-signal-ordering-is-on\": \t\t{ \"type\": \"boolean\" },",
									"\t\t\"fixed-signal-ordering-kind\": { \"enum\": [",
									"\t\t\t\t\t\t\t\t\t\t\t\"wire-interface-2-0:SIGNAL_ORDERING_KIND_TYPE_MDI\",",
									"\t\t\t\t\t\t\t\t\t\t\t\"wire-interface-2-0:SIGNAL_ORDERING_KIND_TYPE_MDI_X\",",
									"\t\t\t\t\t\t\t\t\t\t\t\"wire-interface-2-0:SIGNAL_ORDERING_KIND_TYPE_NOT_YET_DEFINED\"",
									"\t\t\t\t\t\t\t\t\t\t]",
									"\t\t},",
									"\t\t\"wavelength-list\": {",
									"\t\t\t\"type\": \"array\",",
									"\t\t\t\"items\":                    { \"type\": \"number\" }",
									"\t\t},",
									"\t\t\"rx-sync-preference\": { \"enum\": [",
									"                                    \"wire-interface-2-0:RX_SYNC_PREFERENCE_TYPE_AUTO_MULTIPORT_DEVICE\",",
									"                                    \"wire-interface-2-0:RX_SYNC_PREFERENCE_TYPE_AUTO_SINGLE_PORT_DEVICE\",",
									"                                    \"wire-interface-2-0:RX_SYNC_PREFERENCE_TYPE_MANUAL_MASTER\",",
									"                                    \"wire-interface-2-0:RX_SYNC_PREFERENCE_TYPE_MANUAL_SLAVE\",",
									"                                    \"wire-interface-2-0:RX_SYNC_PREFERENCE_TYPE_NOT_YET_DEFINED\"",
									"                                ]",
									"\t\t},",
									"\t\t\"short-reach-mode-is-on\": \t\t{ \"type\": \"boolean\" },\t\t",
									"\t\t\"eee-is-on\": \t\t\t\t\t{ \"type\": \"boolean\" }, ",
									"\t\t\"unidirectional-operation-is-on\": { \"type\": \"boolean\" }, ",
									"\t\t\"number-of-bip-errors-per-ses\":\t{ \"type\": \"number\" },",
									"\t\t\"restart-pmd-negotiation-is-on\":{ \"type\": \"boolean\" }, ",
									"\t\t\"isolation-is-on\": \t\t\t\t{ \"type\": \"boolean\" },",
									"\t\t\"loop-back-kind-on\": { \"enum\": [",
									"\t\t\t\t\t\t\t\t\t\"wire-interface-2-0:LOOP_BACK_TYPE_NONE\",",
									"\t\t\t\t\t\t\t\t\t\"wire-interface-2-0:LOOP_BACK_TYPE_BACK_TO_EXTERNAL\",",
									"\t\t\t\t\t\t\t\t\t\"wire-interface-2-0:LOOP_BACK_TYPE_BACK_TO_INTERNAL\",",
									"\t\t\t\t\t\t\t\t\t\"wire-interface-2-0:LOOP_BACK_TYPE_NOT_YET_DEFINED\"",
									"\t\t\t\t\t\t\t\t]",
									"\t\t},",
									"\t\t\"maintenance-timer\": \t\t\t{ \"type\": \"number\" },",
									" \t\t\"problem-kind-severity-list\": {",
									"\t\t\t\"type\": \"array\",",
									"\t\t\t\"items\": {",
									"\t\t\t    \"type\": \"object\",",
									"\t\t\t    \"properties\": {",
									"    \t\t\t\t\"problem-kind-name\": \t\t\t\t{ \"type\": \"string\" },",
									"    \t\t\t\t\"problem-kind-severity\": { \"enum\": [",
									"    \t\t\t\t\t\t\t\t\t\t\t    \"wire-interface-2-0:SEVERITY_TYPE_NON_ALARMED\",",
									"    \t\t\t\t\t\t\t\t\t\t\t\t\"wire-interface-2-0:SEVERITY_TYPE_WARNING\",",
									"    \t\t\t\t\t\t\t\t\t\t\t\t\"wire-interface-2-0:SEVERITY_TYPE_MINOR\",",
									"    \t\t\t\t\t\t\t\t\t\t\t\t\"wire-interface-2-0:SEVERITY_TYPE_MAJOR\",",
									"    \t\t\t\t\t\t\t\t\t\t\t\t\"wire-interface-2-0:SEVERITY_TYPE_CRITICAL\",",
									"    \t\t\t\t\t\t\t\t\t\t\t\t\"wire-interface-2-0:SEVERITY_TYPE_NOT_YET_DEFINED\"",
									"    \t\t\t\t\t\t\t\t\t\t   ]",
									"    \t\t\t\t}",
									"\t\t\t    },",
									"\t\t\t    \"required\": [\"problem-kind-name\",",
									"\t\t\t                    \"problem-kind-severity\"",
									"\t\t\t    ]",
									"\t\t\t}    ",
									"\t\t}, \t\t\t",
									"\t\t\"performance-monitoring-is-on\": { \"type\": \"boolean\" }",
									"\t},",
									"\t\"required\": [ \"interface-name\", ",
									"\t\t\t\t\t\"interface-is-on\",\t\t\t\t\t\t\t\t\t\t\t  ",
									"\t\t\t\t\t\"remote-wire-interface-name\",",
									"\t\t\t\t\t\"transceiver-is-on-list\",\t",
									"\t\t\t\t\t\"auto-pmd-negotiation-is-on\",",
									"\t\t\t\t\t\"fixed-pmd-kind\",",
									"\t\t\t\t\t\"auto-negotiation-pmd-list\",",
									"\t\t\t\t\t\"auto-signal-ordering-is-on\",",
									"\t\t\t\t\t\"fixed-signal-ordering-kind\",",
									"\t\t\t\t\t\"wavelength-list\",\t",
									"\t\t\t\t\t\"rx-sync-preference\",\t\t\t\t\t\t\t\t\t\t\t\t\t  ",
									"\t\t\t\t\t\"short-reach-mode-is-on\",\t\t\t\t\t\t\t\t\t\t\t  ",
									"\t\t\t\t\t\"eee-is-on\",",
									"\t\t\t\t\t\"unidirectional-operation-is-on\",\t",
									"\t\t\t\t\t\"number-of-bip-errors-per-ses\",",
									"\t\t\t\t\t\"restart-pmd-negotiation-is-on\",\t\t\t\t\t\t\t\t\t\t\t  ",
									"\t\t\t\t\t\"isolation-is-on\",",
									"\t\t\t\t\t\"loop-back-kind-on\",\t",
									"\t\t\t\t\t\"maintenance-timer\",\t\t",
									"\t\t\t\t\t\"problem-kind-severity-list\",\t\t\t\t\t\t\t\t\t\t\t  ",
									"\t\t\t\t\t\"performance-monitoring-is-on\"\t\t\t\t\t\t\t\t\t\t\t\t\t\t  ",
									"\t\t\t\t ]    ",
									"};",
									"pm.variables.set(\"schema\", WIRE_INTERFACE_CONFIGURATION_SCHEMA);",
									"",
									"",
									"/********************************************",
									"* Formulating the Request",
									"********************************************/",
									"// Execution of the Pre-Request Script defined in CapabilityCompleteness",
									"eval(pm.collectionVariables.get(\"settingTheRequestVariables\"))();"
								],
								"type": "text/javascript"
							}
						},
						{
							"listen": "test",
							"script": {
								"id": "ec562c48-5724-43dd-9827-6b93725cf290",
								"exec": [
									"/********************************************",
									"* Testing",
									"********************************************/",
									"// Execution of the Tests Script defined in CapabilityCompleteness",
									"eval(pm.collectionVariables.get(\"testsScriptForAllClasses\"))();"
								],
								"type": "text/javascript"
							}
						}
					],
					"request": {
						"auth": {
							"type": "basic",
							"basic": [
								{
									"key": "password",
									"value": "{{password}}",
									"type": "string"
								},
								{
									"key": "username",
									"value": "{{username}}",
									"type": "string"
								}
							]
						},
						"method": "GET",
						"header": [],
						"url": {
							"raw": "http://{{controllerAddress}}{{dB}}{{networkElement}}{{object}}",
							"protocol": "http",
							"host": [
								"{{controllerAddress}}{{dB}}{{networkElement}}{{object}}"
							]
						}
					},
					"response": []
				},
				{
					"name": "StatusCompleteness",
					"event": [
						{
							"listen": "prerequest",
							"script": {
								"id": "6a1e746e-a742-4b4d-ba2f-962986fd39c4",
								"exec": [
									"/*******************************************************************************",
									"* ",
									"* Request for validating WireInterface Status Objects against definition ",
									"* ",
									"*                   WireInterface_2.0.0-tsp.191122.1925",
									"* ",
									"* as it can be found on https://github.com/openBackhaul/wireInterface/tree/tsp",
									"* ",
									"* It checks for ",
									"*  - reachability of *_Pac class and Capability class",
									"*  - availability of all attributes",
									"*  - correct datatypes",
									"*  - correct enumeration values",
									"*  - no additional, vendor specific amendments",
									"* ",
									"* It requires the following environmental variables",
									"*  - controller",
									"*  - controllerAddress",
									"*  - pathToDbAndMountPoint",
									"*  - username",
									"*  - password",
									"* ",
									"* It requires the following collection variables",
									"*  - pacUnderTest",
									"*  - moduleUnderTest",
									"*  - technologyUnderTest",
									"* ",
									"*******************************************************************************/",
									"",
									"console.log(\"----------------------Checking WireInterfaceStatus for Completeness------------------------\");",
									"",
									"/********************************************",
									"* Setting up Local Variables",
									"********************************************/",
									"// Defining the Class Under Test",
									"const CLASS_UNDER_TEST = \"status\";",
									"pm.variables.set(\"classUnderTest\", CLASS_UNDER_TEST);",
									"",
									"// WireInterface Status Reference Schema",
									"let WIRE_INTERFACE_STATUS_SCHEMA = {\t",
									"\t\"type\": \"object\", ",
									"\t\"properties\": {\t\t",
									"\t    \"interface-status\":\t{ \"enum\": [ \t\t\t",
									"    \t\t\t\t\t\t\t\"wire-interface-2-0:INTERFACE_STATUS_TYPE_UP\", ",
									"    \t\t\t\t\t\t\t\"wire-interface-2-0:INTERFACE_STATUS_TYPE_DOWN\", ",
									"    \t\t\t\t\t\t\t\"wire-interface-2-0:INTERFACE_STATUS_TYPE_TESTING\", ",
									"    \t\t\t\t\t\t\t\"wire-interface-2-0:INTERFACE_STATUS_TYPE_UNKNOWN\", ",
									"    \t\t\t\t\t\t\t\"wire-interface-2-0:INTERFACE_STATUS_TYPE_DORMANT\", ",
									"    \t\t\t\t\t\t\t\"wire-interface-2-0:INTERFACE_STATUS_TYPE_NOT_PRESENT\", ",
									"    \t\t\t\t\t\t\t\"wire-interface-2-0:INTERFACE_STATUS_TYPE_LOWER_LAYER_DOWN\",",
									"    \t\t\t\t\t\t\t\"wire-interface-2-0:INTERFACE_STATUS_TYPE_ADMIN_DOWN\", ",
									"    \t\t\t\t\t\t\t\"wire-interface-2-0:INTERFACE_STATUS_TYPE_NOT_YET_DEFINED\"",
									"\t\t\t\t\t\t      ]",
									"\t\t},\t\t\t\t\t\t\t\t",
									"\t\t\"receive-signal-is-detected\": {",
									"\t\t\t\"type\": \"array\",",
									"\t\t\t\"items\": \t\t\t        { \"type\": \"boolean\" }",
									"\t\t}, \t ",
									"\t\t\"pmd-negotiation-state\": { \"enum\": [ \t\t\t",
									"\t\t\t\t\t\t\t\t\t\"wire-interface-2-0:PMD_NEGOTIATION_STATE_TYPE_NONE\", ",
									"\t\t\t\t\t\t\t\t\t\"wire-interface-2-0:PMD_NEGOTIATION_STATE_TYPE_DISABLED\", ",
									"\t\t\t\t\t\t\t\t\t\"wire-interface-2-0:PMD_NEGOTIATION_STATE_TYPE_ENABLED\", ",
									"\t\t\t\t\t\t\t\t\t\"wire-interface-2-0:PMD_NEGOTIATION_STATE_TYPE_IN_PROGRESS\", ",
									"\t\t\t\t\t\t\t\t\t\"wire-interface-2-0:PMD_NEGOTIATION_STATE_TYPE_COMPLETE\", ",
									"\t\t\t\t\t\t\t\t\t\"wire-interface-2-0:PMD_NEGOTIATION_STATE_TYPE_FAILED\", ",
									"\t\t\t\t\t\t\t\t\t\"wire-interface-2-0:PMD_NEGOTIATION_STATE_TYPE_NOT_YET_DEFINED\"",
									"\t\t\t\t\t\t\t\t   ]",
									"\t\t},\t\t\t\t\t\t\t\t\t\t\t\t",
									"\t\t\"pmd-is-up\": \t\t\t\t\t{ \"type\": \"boolean\" },\t ",
									"\t\t\"signal-ordering-kind-cur\":\t{ \"enum\": [ \t\t\t",
									"\t\t\t\t\t\t\t\t\t\t\"wire-interface-2-0:SIGNAL_ORDERING_KIND_TYPE_MDI\", ",
									"\t\t\t\t\t\t\t\t\t\t\"wire-interface-2-0:SIGNAL_ORDERING_KIND_TYPE_MDI_X\", ",
									"\t\t\t\t\t\t\t\t\t\t\"wire-interface-2-0:SIGNAL_ORDERING_KIND_TYPE_NOT_YET_DEFINED\"",
									"\t\t\t\t\t\t\t\t\t  ]",
									"\t\t},\t",
									"\t    \"pmd-kind-cur\":                  { \"type\": \"string\" },",
									"\t\t\"rx-sync-role\": { \"enum\": [ \t\t\t",
									"\t\t\t\t\t\t\t\"wire-interface-2-0:RX_SYNC_ROLE_TYPE_MASTER\", ",
									"\t\t\t\t\t\t\t\"wire-interface-2-0:RX_SYNC_ROLE_TYPE_SLAVE\", ",
									"\t\t\t\t\t\t\t\"wire-interface-2-0:RX_SYNC_ROLE_TYPE_FAULT\", ",
									"\t\t\t\t\t\t\t\"wire-interface-2-0:RX_SYNC_ROLE_TYPE_NOT_YET_DEFINED\"",
									"\t\t\t\t\t\t  ]",
									"\t\t},\t\t\t\t\t\t\t\t\t\t",
									"\t\t\"eee-is-up\": \t\t\t\t\t{ \"type\": \"boolean\" }, \t\t",
									"\t\t\"link-is-up\": \t\t\t\t\t{ \"type\": \"boolean\" },\t",
									"\t\t\"link-is-idle\": \t\t\t\t{ \"type\": \"boolean\" }, ",
									"\t\t\"loop-back-kind-up\": { \"enum\": [ \t\t\t",
									"\t\t\t\t\t\t\t\t\"wire-interface-2-0:LOOP_BACK_TYPE_NONE\", ",
									"\t\t\t\t\t\t\t\t\"wire-interface-2-0:LOOP_BACK_TYPE_EXTERNAL\", ",
									"\t\t\t\t\t\t\t\t\"wire-interface-2-0:LOOP_BACK_TYPE_INTERNAL\", ",
									"\t\t\t\t\t\t\t\t\"wire-interface-2-0:LOOP_BACK_TYPE_NOT_YET_DEFINED\"\t\t\t\t\t\t\t\t\t\t\t\t\t\t\t\t\t",
									"\t\t\t\t\t\t\t   ]",
									"\t\t},\t\t\t\t\t\t\t\t\t\t\t\t  \t\t",
									"\t\t\"tx-level-cur\": \t\t\t\t{ \"type\": \"number\" }, \t\t\t",
									"\t\t\"rx-level-cur\": {",
									"\t\t\t\"type\": \"array\",",
									"\t\t\t\"items\": \t\t\t\t    { \"type\": \"number\" }",
									"\t\t}, \t  \t\t\t\t",
									"\t\t\"performance-monitoring-is-up\": { \"type\": \"boolean\" } \t\t\t\t\t",
									"\t},",
									"\t\"required\": [ \"interface-status\", ",
									"    \t\t\t\t  \"receive-signal-is-detected\", ",
									"    \t\t\t\t  \"pmd-negotiation-state\", ",
									"    \t\t\t\t  \"pmd-is-up\", ",
									"    \t\t\t\t  \"signal-ordering-kind-cur\",",
									"    \t\t\t\t  \"pmd-kind-cur\",\t\t\t\t  ",
									"    \t\t\t\t  \"rx-sync-role\", ",
									"    \t\t\t\t  \"eee-is-up\", ",
									"    \t\t\t\t  \"link-is-up\", ",
									"    \t\t\t\t  \"link-is-idle\",",
									"    \t\t\t\t  \"loop-back-kind-up\", ",
									"    \t\t\t\t  \"tx-level-cur\", ",
									"    \t\t\t\t  \"rx-level-cur\",",
									"    \t\t\t\t  \"performance-monitoring-is-up\"\t\t\t\t\t\t\t\t\t\t\t\t  ",
									"\t]\t\t\t",
									"};",
									"pm.variables.set(\"schema\", WIRE_INTERFACE_STATUS_SCHEMA);",
									"",
									"",
									"/********************************************",
									"* Formulating the Request",
									"********************************************/",
									"// Execution of the Pre-Request Script defined in CapabilityCompleteness",
									"eval(pm.collectionVariables.get(\"settingTheRequestVariables\"))();"
								],
								"type": "text/javascript"
							}
						},
						{
							"listen": "test",
							"script": {
								"id": "ec562c48-5724-43dd-9827-6b93725cf290",
								"exec": [
									"/********************************************",
									"* Testing",
									"********************************************/",
									"// Execution of the Tests Script defined in CapabilityCompleteness",
									"eval(pm.collectionVariables.get(\"testsScriptForAllClasses\"))();"
								],
								"type": "text/javascript"
							}
						}
					],
					"request": {
						"auth": {
							"type": "basic",
							"basic": [
								{
									"key": "password",
									"value": "{{password}}",
									"type": "string"
								},
								{
									"key": "username",
									"value": "{{username}}",
									"type": "string"
								}
							]
						},
						"method": "GET",
						"header": [],
						"url": {
							"raw": "http://{{controllerAddress}}{{dB}}{{networkElement}}{{object}}",
							"protocol": "http",
							"host": [
								"{{controllerAddress}}{{dB}}{{networkElement}}{{object}}"
							]
						}
					},
					"response": []
				},
				{
					"name": "CurrentProblemsCompleteness",
					"event": [
						{
							"listen": "prerequest",
							"script": {
								"id": "6a1e746e-a742-4b4d-ba2f-962986fd39c4",
								"exec": [
									"/*******************************************************************************",
									"* ",
									"* Request for validating WireInterface CurrentProblems Objects against definition ",
									"* ",
									"*                   WireInterface_2.0.0-tsp.191122.1925",
									"* ",
									"* as it can be found on https://github.com/openBackhaul/wireInterface/tree/tsp",
									"* ",
									"* It checks for ",
									"*  - reachability of *_Pac class and Capability class",
									"*  - availability of all attributes",
									"*  - correct datatypes",
									"*  - correct enumeration values",
									"*  - no additional, vendor specific amendments",
									"* ",
									"* It requires the following environmental variables",
									"*  - controller",
									"*  - controllerAddress",
									"*  - pathToDbAndMountPoint",
									"*  - username",
									"*  - password",
									"* ",
									"* It requires the following collection variables",
									"*  - pacUnderTest",
									"*  - moduleUnderTest",
									"*  - technologyUnderTest",
									"* ",
									"*******************************************************************************/",
									"",
									"console.log(\"------------------Checking WireInterfaceCurrentProblems for Completeness-------------------\");",
									"",
									"/********************************************",
									"* Setting up Local Variables",
									"********************************************/",
									"// Defining the Class Under Test",
									"const CLASS_UNDER_TEST = \"current-problems\";",
									"pm.variables.set(\"classUnderTest\", CLASS_UNDER_TEST);",
									"",
									"// WireInterfaceCurrentProblems Reference Schema",
									"let WIRE_INTERFACE_CURRENT_PROBLEMS_SCHEMA = {\t",
									"\t\"type\": \"object\", ",
									"\t\"properties\": {",
									"\t\t\"current-problem-list\": {",
									"\t\t\t\"type\": \"array\",",
									"\t\t\t\"items\": { ",
									"\t\t\t\t\"type\": \"object\",",
									"\t\t\t\t\"properties\": {",
									"\t\t\t\t\t\"problem-name\": \t\t\t{ \"type\": \"string\" },",
									"\t\t\t\t\t\"sequence-number\": \t\t\t{ \"type\": \"number\" },",
									"\t\t\t\t\t\"timestamp\": \t\t\t\t{ \"type\": \"string\" },",
									"\t\t\t\t\t\"problem-severity\": { \"enum\": [",
									"\t\t\t\t\t\t\t\t\t\t\t\"wire-interface-2-0:SEVERITY_TYPE_NON_ALARMED\",",
									"\t\t\t\t\t\t\t\t\t\t\t\"wire-interface-2-0:SEVERITY_TYPE_WARNING\",",
									"\t\t\t\t\t\t\t\t\t\t\t\"wire-interface-2-0:SEVERITY_TYPE_MINOR\",",
									"\t\t\t\t\t\t\t\t\t\t\t\"wire-interface-2-0:SEVERITY_TYPE_MAJOR\",",
									"\t\t\t\t\t\t\t\t\t\t\t\"wire-interface-2-0:SEVERITY_TYPE_CRITICAL\",",
									"\t\t\t\t\t\t\t\t\t\t\t\"wire-interface-2-0:SEVERITY_TYPE_NOT_YET_DEFINED\"\t\t\t\t\t\t\t\t\t\t\t\t\t\t\t\t\t\t\t\t\t\t\t",
									"\t\t\t\t\t\t\t\t\t\t  ]",
									"\t\t\t\t\t}\t \t\t\t\t\t",
									"\t\t\t\t},",
									"\t\t\t\t\"required\": [ \"problem-name\", ",
									"    \t\t\t\t\t\t\t\"sequence-number\",\t\t\t\t\t\t\t\t\t\t\t  ",
									"    \t\t\t\t\t\t\t\"timestamp\",",
									"    \t\t\t\t\t\t\t\"problem-severity\"\t",
									"\t\t\t\t]\t\t",
									"\t\t\t}",
									"\t\t}",
									"\t},\t\t",
									"\t\"required\": [ \"current-problem-list\"] ",
									"};",
									"pm.variables.set(\"schema\", WIRE_INTERFACE_CURRENT_PROBLEMS_SCHEMA);",
									"",
									"",
									"/********************************************",
									"* Formulating the Request",
									"********************************************/",
									"// Execution of the Pre-Request Script defined in CapabilityCompleteness",
									"eval(pm.collectionVariables.get(\"settingTheRequestVariables\"))();"
								],
								"type": "text/javascript"
							}
						},
						{
							"listen": "test",
							"script": {
								"id": "ec562c48-5724-43dd-9827-6b93725cf290",
								"exec": [
									"/********************************************",
									"* Testing",
									"********************************************/",
									"// Execution of the Tests Script defined in CapabilityCompleteness",
									"eval(pm.collectionVariables.get(\"testsScriptForAllClasses\"))();"
								],
								"type": "text/javascript"
							}
						}
					],
					"request": {
						"auth": {
							"type": "basic",
							"basic": [
								{
									"key": "password",
									"value": "{{password}}",
									"type": "string"
								},
								{
									"key": "username",
									"value": "{{username}}",
									"type": "string"
								}
							]
						},
						"method": "GET",
						"header": [],
						"url": {
							"raw": "http://{{controllerAddress}}{{dB}}{{networkElement}}{{object}}",
							"protocol": "http",
							"host": [
								"{{controllerAddress}}{{dB}}{{networkElement}}{{object}}"
							]
						}
					},
					"response": []
				},
				{
					"name": "CurrentPerformanceCompleteness",
					"event": [
						{
							"listen": "prerequest",
							"script": {
								"id": "6a1e746e-a742-4b4d-ba2f-962986fd39c4",
								"exec": [
									"/*******************************************************************************",
									"* ",
									"* Request for validating WireInterface CurrentPerformance Objects against definition ",
									"* ",
									"*                   WireInterface_2.0.0-tsp.191122.1925",
									"* ",
									"* as it can be found on https://github.com/openBackhaul/wireInterface/tree/tsp",
									"* ",
									"* * It checks for ",
									"*  - reachability of *_Pac class and Capability class",
									"*  - availability of all attributes",
									"*  - correct datatypes",
									"*  - correct enumeration values",
									"*  - no additional, vendor specific amendments",
									"* ",
									"* It requires the following environmental variables",
									"*  - controller",
									"*  - controllerAddress",
									"*  - pathToDbAndMountPoint",
									"*  - username",
									"*  - password",
									"* ",
									"* It requires the following collection variables",
									"*  - pacUnderTest",
									"*  - moduleUnderTest",
									"*  - technologyUnderTest",
									"* ",
									"*******************************************************************************/",
									"",
									"console.log(\"----------------Checking WireInterfaceCurrentPerformance for Completeness------------------\");",
									"",
									"/********************************************",
									"* Setting up Local Variables",
									"********************************************/",
									"// Defining the Class Under Test",
									"const CLASS_UNDER_TEST = \"current-performance\";",
									"pm.variables.set(\"classUnderTest\", CLASS_UNDER_TEST);",
									"",
									"// Wire Interface Current Performance Reference Schema",
									"let WIRE_INTERFACE_CURRENT_PERFORMANCE_SCHEMA = {\t",
									"\t\"type\": \"object\", ",
									"\t\"properties\": {",
									"\t\t\"current-performance-data-list\": {",
									"\t\t\t\"type\": \"array\",",
									"\t\t\t\"items\": { ",
									"\t\t\t\t\"type\": \"object\",",
									"\t\t\t\t\"properties\": {",
									"\t\t\t\t\t\"performance-data\": {",
									"\t\t\t\t\t\t\"type\": \"object\", ",
									"\t\t\t\t\t\t\"properties\": {",
									"\t\t\t\t\t\t\t\"es\": \t\t\t\t\t\t\t{ \"type\": \"number\" },",
									"\t\t\t\t\t\t\t\"ses\": \t\t\t\t\t\t\t{ \"type\": \"number\" }, \t\t",
									"\t\t\t\t\t\t\t\"symbol-error-during-carrier\": \t{ \"type\": \"number\" },\t\t\t\t\t",
									"\t\t\t\t\t\t\t\"low-power-idle-transmitter-ms\":{ \"type\": \"number\" }, ",
									"\t\t\t\t\t\t\t\"low-power-idle-receiver-ms\": \t{ \"type\": \"number\" }\t \t\t\t\t\t\t\t",
									"\t\t\t\t\t\t},",
									"\t\t\t\t\t\t\"required\": [ \"es\", ",
									"\t\t\t\t\t\t\t\t\t\t\"ses\",",
									"\t\t\t\t\t\t\t\t\t\t\"symbol-error-during-carrier\",\t",
									"\t\t\t\t\t\t\t\t\t\t\"low-power-idle-transmitter-ms\",",
									"\t\t\t\t\t\t\t\t\t\t\"low-power-idle-receiver-ms\"",
									"\t\t\t\t\t\t\t\t\t  ]\t\t",
									"\t\t\t\t\t\t},",
									"\t\t\t\t\t\t\"timestamp\": \t\t\t\t\t\t{ \"type\": \"string\" },",
									"\t\t\t\t\t\t\"suspect-interval-flag\": \t\t\t{ \"type\": \"boolean\" },",
									"\t\t\t\t\t\t\"elapsed-time\": \t\t\t\t\t{ \"type\": \"integer\" },",
									"\t\t\t\t\t\t\"scanner-id\": \t\t\t\t\t\t{ \"type\": \"string\" },",
									"\t\t\t\t\t\t\"operational-state\": { \"enum\": [",
									"\t\t\t\t\t\t\t\t\t\t\t\t\"wire-interface-2-0:OPERATIONAL_STATE_TYPE_ENABLED\",",
									"\t\t\t\t\t\t\t\t\t\t\t\t\"wire-interface-2-0:OPERATIONAL_STATE_TYPE_DISABLED\",",
									"\t\t\t\t\t\t\t\t\t\t\t\t\"wire-interface-2-0:OPERATIONAL_STATE_TYPE_NOT_YET_DEFINED\"\t\t\t\t\t\t\t\t\t\t\t\t\t\t\t\t\t\t\t\t\t\t\t",
									"\t\t\t\t\t\t\t\t\t\t\t   ]",
									"\t\t\t\t\t\t},\t ",
									"\t\t\t\t\t\t\"granularity-period\": { \"enum\": [",
									"\t\t\t\t\t\t\t\t\t\t\t\t \"wire-interface-2-0:GRANULARITY_PERIOD_TYPE_UNKNOWN\",",
									"\t\t\t\t\t\t\t\t\t\t\t\t \"wire-interface-2-0:GRANULARITY_PERIOD_TYPE_PERIOD-15-MIN\",",
									"\t\t\t\t\t\t\t\t\t\t\t\t \"wire-interface-2-0:GRANULARITY_PERIOD_TYPE_PERIOD-24-HOURS\",",
									"\t\t\t\t\t\t\t\t\t\t\t\t \"wire-interface-2-0:GRANULARITY_PERIOD_TYPE_NOT_YET_DEFINED\"\t\t\t\t\t\t\t\t\t\t\t\t\t\t\t\t\t\t\t\t\t",
									"\t\t\t\t\t\t\t\t\t\t\t\t]",
									"\t\t\t\t\t\t},\t ",
									"\t\t\t\t\t\t\"administrative-state\": { \"enum\": [",
									"\t\t\t\t\t\t\t\t\t\t\t\t\t\"wire-interface-2-0:ADMINISTRATIVE_STATE_TYPE_UNLOCKED\",",
									"\t\t\t\t\t\t\t\t\t\t\t\t\t\"wire-interface-2-0:ADMINISTRATIVE_STATE_TYPE_LOCKED\",",
									"\t\t\t\t\t\t\t\t\t\t\t\t\t\"wire-interface-2-0:ADMINISTRATIVE_STATE_TYPE_SHUTTING_DOWN\",",
									"\t\t\t\t\t\t\t\t\t\t\t\t\t\"wire-interface-2-0:ADMINISTRATIVE_STATE_TYPE_NOT_YET_DEFINED\"\t\t\t\t\t\t\t\t\t\t\t\t\t\t\t\t\t\t\t\t\t",
									"\t\t\t\t\t\t\t\t\t\t\t\t  ]",
									"\t\t\t\t\t\t},\t ",
									"\t\t\t\t\t\t\"object-class\": \t\t\t\t\t{ \"type\": \"string\" },",
									"\t\t\t\t\t\t\"name-binding\": \t\t\t\t\t{ \"type\": \"string\" },",
									"\t\t\t\t\t\t\"packages\": \t\t\t\t\t\t{ \"type\": \"string\" },",
									"\t\t\t\t\t\t\"allomorphs\": \t\t\t\t\t\t{ \"type\": \"string\" }",
									"\t\t\t\t},",
									"\t\t\t\t\"required\":\t[ \"performance-data\",",
									"    \t\t\t\t\t\t\t\"timestamp\",",
									"    \t\t\t\t\t\t\t\"suspect-interval-flag\",",
									"    \t\t\t\t\t\t\t\"elapsed-time\",",
									"    \t\t\t\t\t\t\t\"scanner-id\",",
									"    \t\t\t\t\t\t\t\"operational-state\",",
									"    \t\t\t\t\t\t\t\"granularity-period\",",
									"    \t\t\t\t\t\t\t\"administrative-state\",",
									"\t\t\t\t]",
									"\t\t\t}",
									"\t\t}\t",
									"\t},\t",
									"\t\"required\":\t[ \"current-performance-data-list\" ]",
									"};",
									"pm.variables.set(\"schema\", WIRE_INTERFACE_CURRENT_PERFORMANCE_SCHEMA);",
									"",
									"",
									"/********************************************",
									"* Formulating the Request",
									"********************************************/",
									"// Execution of the Pre-Request Script defined in CapabilityCompleteness",
									"eval(pm.collectionVariables.get(\"settingTheRequestVariables\"))();"
								],
								"type": "text/javascript"
							}
						},
						{
							"listen": "test",
							"script": {
								"id": "ec562c48-5724-43dd-9827-6b93725cf290",
								"exec": [
									"/********************************************",
									"* Testing",
									"********************************************/",
									"// Execution of the Tests Script defined in CapabilityCompleteness",
									"eval(pm.collectionVariables.get(\"testsScriptForAllClasses\"))();"
								],
								"type": "text/javascript"
							}
						}
					],
					"request": {
						"auth": {
							"type": "basic",
							"basic": [
								{
									"key": "password",
									"value": "{{password}}",
									"type": "string"
								},
								{
									"key": "username",
									"value": "{{username}}",
									"type": "string"
								}
							]
						},
						"method": "GET",
						"header": [],
						"url": {
							"raw": "http://{{controllerAddress}}{{dB}}{{networkElement}}{{object}}",
							"protocol": "http",
							"host": [
								"{{controllerAddress}}{{dB}}{{networkElement}}{{object}}"
							]
						}
					},
					"response": []
				},
				{
					"name": "HistoricalPerformancesCompleteness",
					"event": [
						{
							"listen": "prerequest",
							"script": {
								"id": "6a1e746e-a742-4b4d-ba2f-962986fd39c4",
								"exec": [
									"/*******************************************************************************",
									"* ",
									"* Request for validating WireInterface HistoricalPerformances Objects against definition ",
									"* ",
									"*                   WireInterface_2.0.0-tsp.191122.1925",
									"* ",
									"* as it can be found on https://github.com/openBackhaul/wireInterface/tree/tsp",
									"* ",
									"* It checks for ",
									"*  - reachability of *_Pac class and Capability class",
									"*  - availability of all attributes",
									"*  - correct datatypes",
									"*  - correct enumeration values",
									"*  - no additional, vendor specific amendments",
									"* ",
									"* It requires the following environmental variables",
									"*  - controller",
									"*  - controllerAddress",
									"*  - pathToDbAndMountPoint",
									"*  - username",
									"*  - password",
									"* ",
									"* It requires the following collection variables",
									"*  - pacUnderTest",
									"*  - moduleUnderTest",
									"*  - technologyUnderTest",
									"* ",
									"*******************************************************************************/",
									"",
									"console.log(\"---------------Checking WireInterfaceHistoricalPerformances for Completeness---------------\");",
									"",
									"/********************************************",
									"* Setting up Local Variables",
									"********************************************/",
									"// Defining the Class Under Test",
									"const CLASS_UNDER_TEST = \"historical-performances\";",
									"pm.variables.set(\"classUnderTest\", CLASS_UNDER_TEST);",
									"",
									"// Wire Interface Historical Performances Reference Schema",
									"let WIRE_INTERFACE_HISTORICAL_PERFORMANCES_SCHEMA = {\t",
									"\t\"type\": \"object\", ",
									"\t\"properties\": {",
									"\t\t\"historical-performance-data-list\": {",
									"\t\t\t\"type\": \"array\",",
									"\t\t\t\"items\": { ",
									"\t\t\t\t\"type\": \"object\",",
									"\t\t\t\t\"properties\": {",
									"\t\t\t\t\t\"performance-data\": {",
									"\t\t\t\t\t\t\"type\": \"object\", ",
									"\t\t\t\t\t\t\"properties\": {",
									"\t\t\t\t\t\t\t\"es\": \t\t\t\t\t\t\t{ \"type\": \"number\" },",
									"\t\t\t\t\t\t\t\"ses\": \t\t\t\t\t\t\t{ \"type\": \"number\" }, \t\t",
									"\t\t\t\t\t\t\t\"symbol-error-during-carrier\": \t{ \"type\": \"number\" },\t\t\t\t\t",
									"\t\t\t\t\t\t\t\"low-power-idle-transmitter-ms\":{ \"type\": \"number\" }, ",
									"\t\t\t\t\t\t\t\"low-power-idle-receiver-ms\": \t{ \"type\": \"number\" }\t\t\t\t",
									"\t\t\t\t\t\t},",
									"\t\t\t\t\t\t\"required\": [ \"es\", ",
									"\t\t\t\t\t\t\t\t\t    \"ses\",\t\t\t\t\t\t\t\t\t\t\t  ",
									"\t\t\t\t\t\t\t\t\t    \"symbol-error-during-carrier\",\t",
									"\t\t\t\t\t\t\t\t    \t\"low-power-idle-transmitter-ms\",",
									"\t\t\t\t\t\t\t\t\t    \"low-power-idle-receiver-ms\"",
									"\t\t\t\t\t\t\t\t\t  ]\t",
									"\t\t\t\t\t},\t\t\t",
									"\t\t\t\t\t\"suspect-interval-flag\": \t\t\t{ \"type\": \"boolean\" },",
									"\t\t\t\t\t\"history-data-id\": \t\t\t\t\t{ \"type\": \"string\" },",
									"\t\t\t\t\t\"period-end-time\": \t\t\t\t\t{ \"type\": \"string\" },",
									"\t\t\t\t\t\"granularity-period\":{ \"enum\": [",
									"\t\t\t\t\t\t\t\t\t\t\t\"wire-interface-2-0:GRANULARITY_PERIOD_TYPE_UNKNOWN\",",
									"\t\t\t\t\t\t\t\t\t\t\t\"wire-interface-2-0:GRANULARITY_PERIOD_TYPE_PERIOD-15-MIN\",",
									"\t\t\t\t\t\t\t\t\t\t\t\"wire-interface-2-0:GRANULARITY_PERIOD_TYPE_PERIOD-24-HOURS\",",
									"\t\t\t\t\t\t\t\t\t\t\t\"wire-interface-2-0:GRANULARITY_PERIOD_TYPE_NOT_YET_DEFINED\"\t\t\t\t\t\t\t\t\t\t\t\t\t\t\t\t\t\t\t\t\t",
									"\t\t\t\t\t\t\t\t\t\t   ]\t\t\t\t",
									"\t\t\t\t\t},\t \t ",
									"\t\t\t\t\t\"object-class\": \t\t\t\t\t{ \"type\": \"string\" },",
									"\t\t\t\t\t\"name-binding\": \t\t\t\t\t{ \"type\": \"string\" },",
									"\t\t\t\t\t\"packages\": \t\t\t\t\t\t{ \"type\": \"string\" },",
									"\t\t\t\t\t\"allomorphs\": \t\t\t\t\t\t{ \"type\": \"string\" }",
									"\t\t\t\t},",
									"\t\t\t\t\"required\":\t[ \"performance-data\",",
									"    \t\t\t\t\t\t\t\"suspect-interval-flag\",",
									"    \t\t\t\t\t\t\t\"history-data-id\",",
									"    \t\t\t\t\t\t\t\"period-end-time\",",
									"    \t\t\t\t\t\t\t\"granularity-period\",",
									"\t\t\t\t]",
									"\t\t\t}\t\t",
									"\t\t}",
									"\t},",
									"\t\"required\":\t[ \"historical-performance-data-list\" ]",
									"};",
									"pm.variables.set(\"schema\", WIRE_INTERFACE_HISTORICAL_PERFORMANCES_SCHEMA);",
									"",
									"",
									"/********************************************",
									"* Formulating the Request",
									"********************************************/",
									"// Execution of the Pre-Request Script defined in CapabilityCompleteness",
									"eval(pm.collectionVariables.get(\"settingTheRequestVariables\"))();"
								],
								"type": "text/javascript"
							}
						},
						{
							"listen": "test",
							"script": {
								"id": "ec562c48-5724-43dd-9827-6b93725cf290",
								"exec": [
									"/********************************************",
									"* Testing",
									"********************************************/",
									"// Execution of the Tests Script defined in CapabilityCompleteness",
									"eval(pm.collectionVariables.get(\"testsScriptForAllClasses\"))();"
								],
								"type": "text/javascript"
							}
						}
					],
					"request": {
						"auth": {
							"type": "basic",
							"basic": [
								{
									"key": "password",
									"value": "{{password}}",
									"type": "string"
								},
								{
									"key": "username",
									"value": "{{username}}",
									"type": "string"
								}
							]
						},
						"method": "GET",
						"header": [],
						"url": {
							"raw": "http://{{controllerAddress}}{{dB}}{{networkElement}}{{object}}",
							"protocol": "http",
							"host": [
								"{{controllerAddress}}{{dB}}{{networkElement}}{{object}}"
							]
						}
					},
					"response": []
				}
			],
			"event": [
				{
					"listen": "prerequest",
					"script": {
						"id": "6df5b19e-9ca9-43cb-b421-d73bdf845f4d",
						"type": "text/javascript",
						"exec": [
							""
						]
					}
				},
				{
					"listen": "test",
					"script": {
						"id": "6f88d695-6791-4eea-aa0c-9e4a1653f9a9",
						"type": "text/javascript",
						"exec": [
							""
						]
					}
				}
			],
			"protocolProfileBehavior": {}
		}
	],
	"event": [
		{
			"listen": "prerequest",
			"script": {
				"id": "bc84095b-9576-4659-a028-439eecd5af4f",
				"type": "text/javascript",
				"exec": [
					""
				]
			}
		},
		{
			"listen": "test",
			"script": {
				"id": "b23566e2-f64c-406d-9100-d01129e3bf6f",
				"type": "text/javascript",
				"exec": [
					""
				]
			}
		}
	],
	"protocolProfileBehavior": {}
}