 [
	{
		"dummyUri": "ping.openBackhaul.com",
		"pathToControlConstruct": "http://ip-address:port/core-model-1-4:network-control-domain=cache/control-construct={mountName}",
		"mountName": "513250008",
		"uuid" : "LTP-ETY-TTP-LAN-3-SFP",
		"uuid1" : "",
		"localId" : "LP-ETY-TTP-LAN-3-SFP",
		"authorizationCode": "your-authorization-code-in-case-of-basic-auth",
		"operationKey": "operation-key-in-case-of-api-key-auth",
		"userName": "Thorsten Heinze",
		"originator": "InterfaceValidator_TR532v2.0",
		"xCorrelator": "00000000-0000-0000-0000-000000000532",
		"traceIndicator": "1",
		"customerJourney": ""
	}
]
